{
  "id": "2351930",
  "name": "supermall",
  "font_family": "iconfont",
  "css_prefix_text": "icon-",
  "description": "",
  "glyphs": [
    {
      "icon_id": "6003698",
      "name": "手机",
      "font_class": "shouji",
      "unicode": "e621",
      "unicode_decimal": 58913
    },
    {
      "icon_id": "2681692",
      "name": "积分商城",
      "font_class": "jifenshangcheng",
      "unicode": "e607",
      "unicode_decimal": 58887
    },
    {
      "icon_id": "7629051",
      "name": "皇冠",
      "font_class": "huangguan",
      "unicode": "e6b3",
      "unicode_decimal": 59059
    },
    {
      "icon_id": "8575343",
      "name": "消息 ",
      "font_class": "xiaoxi",
      "unicode": "e62e",
      "unicode_decimal": 58926
    },
    {
      "icon_id": "18166598",
      "name": "饿了么",
      "font_class": "elment",
      "unicode": "e8ca",
      "unicode_decimal": 59594
    },
    {
      "icon_id": "1306",
      "name": "购物车空",
      "font_class": "gouwuchekong",
      "unicode": "e600",
      "unicode_decimal": 58880
    },
    {
      "icon_id": "936741",
      "name": "首页",
      "font_class": "shouye",
      "unicode": "e61e",
      "unicode_decimal": 58910
    },
    {
      "icon_id": "1244550",
      "name": "分类",
      "font_class": "fenlei",
      "unicode": "e638",
      "unicode_decimal": 58936
    },
    {
      "icon_id": "9626962",
      "name": "我的",
      "font_class": "wode",
      "unicode": "e882",
      "unicode_decimal": 59522
    },
    {
      "icon_id": "14772828",
      "name": "loading",
      "font_class": "loading",
      "unicode": "e63c",
      "unicode_decimal": 58940
    },
    {
      "icon_id": "5800405",
      "name": "勾选",
      "font_class": "gouxuan1",
      "unicode": "e605",
      "unicode_decimal": 58885
    },
    {
      "icon_id": "4417084",
      "name": "客服",
      "font_class": "kefu",
      "unicode": "e6be",
      "unicode_decimal": 59070
    },
    {
      "icon_id": "13495690",
      "name": "店铺",
      "font_class": "dianpu",
      "unicode": "e67f",
      "unicode_decimal": 59007
    },
    {
      "icon_id": "3402668",
      "name": "更多",
      "font_class": "gengduo",
      "unicode": "e6c1",
      "unicode_decimal": 59073
    },
    {
      "icon_id": "1137780",
      "name": "返回",
      "font_class": "fanhui",
      "unicode": "e677",
      "unicode_decimal": 58999
    },
    {
      "icon_id": "2678607",
      "name": "回到顶部",
      "font_class": "huidaodingbu",
      "unicode": "e64d",
      "unicode_decimal": 58957
    },
    {
      "icon_id": "485763",
      "name": "收 藏",
      "font_class": "shoucang",
      "unicode": "e60f",
      "unicode_decimal": 58895
    }
  ]
}
